Name,Date,Time
ramcharan,2026-06-10,10:42:04
bhadrinwjhu,2026-06-10,10:52:34
ajayjj,2026-06-10,10:52:46
raju raka,2026-06-10,11:20:57
rajus,2026-06-10,11:27:16
kjoxb,2026-06-10,12:02:07
hpkwnsdn,2026-06-10,12:02:21
rajus,2026-06-12,11:23:54
ojnono,2026-06-12,11:32:54
hpkwnsdn,2026-06-12,11:33:24
bhadrinwjhu,2026-06-12,11:33:25
kjoxb,2026-06-12,11:33:25
raju raka,2026-06-12,11:33:26
ramcharan,2026-06-12,12:35:54
ajayjj,2026-06-12,12:35:54
bhadrinwjhu,2026-06-15,10:16:05
raju raka,2026-06-15,10:16:06
hpkwnsdn,2026-06-15,10:16:08
ramcharan,2026-06-15,10:16:09
ojnono,2026-06-15,10:16:17
jospeh,2026-06-15,10:28:52
